first_name,last_name,Date,SSN,State
Sarah,Simpson,12/04/1985,***-**-8166,FL
Samantha,Lara,09/08/1993,***-**-7526,CO
Stacy,Charles,12/20/1957,***-**-8526,PA
Michelle,Roy,07/29/1978,***-**-3944,MI
Joseph,Rogers,03/28/1985,***-**-3515,MN
Erica,Hines,10/13/1975,***-**-6153,NY
Zoe,Patel,12/20/1967,***-**-0817,WI
Matthew,Harvey,01/20/1990,***-**-0346,TN
Shawn,Davis,07/21/1961,***-**-1581,WV
April,Baldwin,08/07/1961,***-**-2014,MO
Vincent,Daniels,01/06/1972,***-**-2754,MT
Ann,Fields,08/22/1960,***-**-7911,IA
Jeffrey,Pearson,05/05/1979,***-**-2578,IL
Heather,Johnson,09/23/1989,***-**-0904,GA
Melissa,Fletcher,03/14/1979,***-**-6881,RI
Kimberly,Alvarez,09/04/1984,***-**-8680,LA
Monica,Jimenez,04/08/1988,***-**-1668,ND
Steven,Johnson,05/28/1962,***-**-7070,NE
Sarah,Wood,06/15/1972,***-**-6715,FL
Jesus,Petersen,03/28/1958,***-**-0770,OK
Rhonda,Rosales,04/10/1963,***-**-0286,AL
Nicole,Richardson,09/09/1981,***-**-5228,LA
Jennifer,Mendez,07/20/1977,***-**-1994,OR
Sandra,Petty,01/30/1981,***-**-7629,NC
Michael,Hester,04/13/1987,***-**-6836,SD
Joseph,Brown,08/28/1982,***-**-4744,NH
Michelle,Cooper,08/23/1993,***-**-2306,WA
Barbara,Wise,12/15/1991,***-**-7662,IN
Carol,Rosales,07/20/1984,***-**-4907,NJ
Mark,Villa,02/24/1969,***-**-2207,MS
Russell,Orozco,09/16/1973,***-**-5514,MS
Michelle,Sanchez,08/21/1994,***-**-5222,OK
Briana,Ayala,10/31/1965,***-**-4542,CT
Shane,Roberts,12/14/1958,***-**-6030,HI
Cassandra,Morris,01/24/1973,***-**-3831,MT
Krista,Thompson,07/25/1984,***-**-7445,KY
Jon,Bennett,09/13/1957,***-**-1689,NM
April,Thomas,12/03/1993,***-**-3580,CO
Haley,Martinez,01/15/1968,***-**-3736,ID
Isaac,Stafford,11/25/1989,***-**-5036,SD
John,Martinez,01/06/1987,***-**-3936,NH
John,Phillips,12/08/1982,***-**-4070,WV
Gary,Shelton,09/11/1978,***-**-9672,SD
Amanda,Gordon,10/12/1969,***-**-2966,ME
Jessica,Holt,09/12/1963,***-**-6084,NE
Stephanie,Estes,07/15/1966,***-**-9779,SD
Jessica,Brown,02/01/1992,***-**-7328,MS
Donna,Manning,05/19/1973,***-**-7781,NM
Nicholas,Owens,08/20/1991,***-**-7882,VA
Wendy,Ryan,05/13/1960,***-**-0741,AZ
Kimberly,Hooper,09/08/1971,***-**-3136,GA
Deborah,Gonzalez,05/28/1975,***-**-0643,MT
Laura,Yoder,04/18/1987,***-**-3016,IN
Kimberly,Velez,03/07/1958,***-**-0707,AZ
Kevin,Garcia,05/15/1973,***-**-4337,OK
Marcia,Jones,11/20/1972,***-**-0963,ND
Nicole,Baldwin,08/11/1978,***-**-5508,NV
Katherine,Juarez,02/13/1986,***-**-8687,CA
Paula,Thompson,09/22/1985,***-**-7734,NC
Joan,Hoover,02/27/1973,***-**-5429,NM
Stephen,Simon,11/28/1962,***-**-1621,NV
Rebecca,Taylor,09/30/1962,***-**-9126,MN
Lindsay,Owens,04/28/1973,***-**-6742,DE
Justin,Payne,07/03/1983,***-**-7892,AK
Michelle,Thornton,01/25/1961,***-**-4112,GA
Timothy,Hill,08/11/1985,***-**-4460,SC
Karen,Johnson,01/05/1976,***-**-5174,OH
Alexis,Mcintosh,03/01/1962,***-**-9185,KY
Susan,Fitzgerald,09/18/1961,***-**-3222,AL
Amber,Stewart,08/26/1958,***-**-3120,OH
Taylor,Evans,07/17/1983,***-**-2641,NJ
Tracy,Knight,09/27/1993,***-**-8339,ID
Jason,Parks,02/27/1981,***-**-2601,AZ
Jonathan,Carroll,06/15/1973,***-**-7126,SC
Sara,Wallace,06/21/1959,***-**-6918,MS
Jeffrey,Mitchell,05/23/1969,***-**-4559,UT
April,West,03/11/1986,***-**-9544,DE
Ryan,Reynolds,02/05/1973,***-**-2883,IN
Rachel,Bell,07/24/1989,***-**-1379,AL
Amber,Williamson,06/20/1984,***-**-4567,LA
Tony,Park,10/08/1968,***-**-7749,UT
Robert,Jefferson,10/04/1981,***-**-6302,OH
Sarah,Hernandez,07/05/1987,***-**-5549,WY
Margaret,Foley,12/19/1968,***-**-4633,CA
Tina,Christensen,03/01/1988,***-**-0333,TN
Isaac,Gomez,10/16/1987,***-**-4728,WY
Phillip,Davis,04/24/1961,***-**-5132,VT
Brian,Douglas,09/18/1979,***-**-9324,NV
Teresa,Wilson,08/12/1994,***-**-9378,IN
Timothy,Wilson,11/21/1993,***-**-1270,WV
Lori,Davies,08/21/1980,***-**-9489,AK
Brittany,Stone,11/21/1985,***-**-0950,CO
Matthew,Rogers,03/09/1974,***-**-2560,CA
Francisco,Gardner,08/18/1972,***-**-0367,WI
Ashley,Patrick,12/06/1979,***-**-7953,OR
Brandi,Frey,07/23/1979,***-**-2997,MD
Garrett,Kelley,12/20/1974,***-**-1192,PA
Robert,Barron,04/19/1985,***-**-0735,NE
Lee,Serrano,06/19/1967,***-**-0867,WV
Jessica,Vance,04/30/1959,***-**-9076,DE
Russell,Ashley,02/15/1973,***-**-2395,OH
Catherine,Richardson,10/03/1989,***-**-2969,WY
Sheri,Hamilton,03/12/1986,***-**-9319,NH
Craig,Strickland,02/27/1968,***-**-3498,ND
Brandon,Hall,09/30/1969,***-**-6416,AK
Karla,Adams,11/18/1962,***-**-7524,VT
Ernest,Washington,07/15/1990,***-**-9800,FL
John,Owens,05/15/1989,***-**-7554,MT
Roberto,Farmer,05/04/1968,***-**-3936,LA
Tom,Bailey,01/24/1980,***-**-1663,IA
Jennifer,White,01/17/1966,***-**-1698,MI
Courtney,Mendez,11/25/1961,***-**-8268,NE
Jasmine,Miller,05/13/1971,***-**-2427,MD
Amy,Bryan,06/24/1969,***-**-2636,CA
Melvin,Pruitt,05/06/1994,***-**-4970,AK
Amanda,Carrillo,10/25/1957,***-**-8942,MS
Anthony,Nguyen,03/10/1987,***-**-6484,ND
Kaitlyn,Charles,11/23/1965,***-**-7712,NH
Rebecca,Pollard,03/17/1977,***-**-9010,FL
James,Jackson,09/02/1987,***-**-8491,ME
Gina,Jones,02/05/1964,***-**-3596,HI
Tyler,Woodward,05/06/1983,***-**-7298,KS
Hannah,Schultz,12/28/1984,***-**-7228,NY
Anthony,Sims,04/20/1976,***-**-1311,CT
Jessica,Wallace,05/02/1981,***-**-7152,WI
Jonathan,Pearson,01/03/1980,***-**-7840,VT
Richard,Hunt,09/17/1987,***-**-9513,IN
Madison,Ballard,03/11/1966,***-**-3750,DE
Kathryn,Blair,08/07/1993,***-**-8028,GA
Kristina,Patterson,03/28/1958,***-**-5885,CT
Kathryn,Bryant,04/09/1957,***-**-8017,CO
Jerry,Ayala,03/02/1982,***-**-9737,WA
Karen,Rodriguez,07/30/1994,***-**-3813,CT
Daniel,Jacobs,04/24/1972,***-**-6724,TX
Stephanie,Campbell,08/30/1968,***-**-3547,TN
Michael,Pacheco,04/29/1977,***-**-6378,LA
Steven,Garcia,04/01/1991,***-**-9437,MT
Brenda,Hall,07/15/1957,***-**-7869,TX
Rhonda,Smith,06/27/1969,***-**-5595,ME
Tracy,Francis,01/26/1960,***-**-8950,VT
Dawn,Fernandez,04/14/1981,***-**-9216,NE
Matthew,Wells,08/29/1958,***-**-2780,FL
Joel,Walker,09/20/1979,***-**-6637,FL
Paula,Shea,08/15/1978,***-**-1746,OH
Paul,Bell,05/23/1976,***-**-7411,WI
Frederick,Roberson,01/02/1978,***-**-0114,MI
Melissa,Armstrong,03/17/1959,***-**-9454,OR
Jennifer,Alexander,01/15/1969,***-**-9026,AK
Cassandra,Perez,09/02/1986,***-**-1151,IL
Anthony,Austin,12/17/1965,***-**-9162,WI
Cynthia,Jones,08/11/1976,***-**-3428,RI
Oscar,Bernard,04/07/1990,***-**-5243,IL
Amanda,Hendrix,11/19/1980,***-**-7721,AR
Vincent,Henry,08/22/1961,***-**-5624,UT
Lauren,Bush,12/19/1976,***-**-3299,GA
Stacey,Bates,06/17/1961,***-**-1470,CA
Amanda,Khan,04/16/1971,***-**-9388,NE
Amanda,Sutton,12/07/1973,***-**-2368,AR
Joshua,Li,03/20/1992,***-**-6050,ID
Becky,Kennedy,04/05/1987,***-**-4807,MI
Laura,Espinoza,09/04/1978,***-**-5712,FL
Joshua,Murphy,12/31/1970,***-**-7318,WI
Randall,Bowen,04/11/1969,***-**-0666,TX
Michelle,Pham,07/31/1979,***-**-2595,SC
Emily,Thomas,07/10/1974,***-**-6906,RI
Jessica,Kelley,12/15/1976,***-**-4271,KY
Jeffrey,Brown,12/23/1968,***-**-7392,WA
Jennifer,Keith,11/24/1990,***-**-2614,AR
Joshua,Romero,10/14/1979,***-**-4169,NM
Frank,Walker,12/13/1976,***-**-5611,AZ
Cody,Lindsey,01/29/1965,***-**-8099,AL
Cody,Baker,03/09/1979,***-**-5896,VT
Jaclyn,Wall,12/13/1985,***-**-5336,SD
Kaitlyn,Roy,06/15/1965,***-**-0939,MN
Allison,Lee,04/04/1994,***-**-8932,UT
Heather,Patterson,06/08/1969,***-**-2886,WV
Carrie,Thomas,08/08/1980,***-**-8236,MA
David,Gutierrez,08/14/1967,***-**-9234,NE
Harold,Robinson,08/20/1965,***-**-7098,NM
Alex,Graham,11/27/1978,***-**-6911,KY
Steven,Thompson,01/01/1978,***-**-0637,NJ
Barbara,Martin,11/11/1971,***-**-5120,NE
Theresa,Cochran,02/23/1976,***-**-2404,IA
Michael,Madden,09/05/1964,***-**-2946,CO
Brian,Chase,05/01/1989,***-**-3628,AZ
Carolyn,Rodriguez,11/16/1962,***-**-2185,RI
Breanna,Williams,06/03/1994,***-**-8593,NC
Anne,Cook,11/11/1981,***-**-8560,NY
Tara,Bowers,09/22/1975,***-**-7048,NY
Joyce,Hall,10/10/1980,***-**-4819,VA
Sydney,George,01/24/1959,***-**-8264,FL
Lindsay,Williams,09/19/1977,***-**-4792,NV
Darrell,Thomas,03/14/1986,***-**-2653,UT
Thomas,Knight,08/07/1965,***-**-2441,NJ
Carolyn,Diaz,04/20/1991,***-**-2117,DE
Karen,Ball,04/13/1986,***-**-9411,ND
Ronald,Richardson,04/20/1988,***-**-6742,GA
Donna,Williams,09/01/1986,***-**-3144,MS
Molly,Wright,02/23/1991,***-**-7938,WA
Jeffrey,Mcintyre,06/02/1974,***-**-8359,KS
Tabitha,Parks,01/19/1975,***-**-8386,IA
Melissa,Padilla,12/08/1982,***-**-9382,MT
George,Harris,11/15/1979,***-**-2111,AZ
Cheryl,Hancock,09/03/1993,***-**-2522,ID
Jeffrey,Paul,01/12/1972,***-**-0457,MT
Wendy,Jones,04/20/1979,***-**-4078,NY
Elizabeth,Johnson,12/01/1981,***-**-8375,AR
Charles,Green,05/22/1990,***-**-9288,SC
Jeffrey,Cooper,12/14/1970,***-**-7671,MD
Judith,Brooks,01/25/1971,***-**-6779,IN
Amanda,Ramsey,04/10/1971,***-**-2683,SC
Stephen,Oliver,12/27/1984,***-**-5500,CA
Nancy,Rodriguez,02/13/1988,***-**-1027,MD
Joshua,Powers,05/13/1971,***-**-4897,FL
Lisa,Stein,02/07/1980,***-**-2075,CA
Jessica,Martin,08/18/1967,***-**-8568,NV
George,Hardy,04/17/1990,***-**-4162,NM
Jonathan,Carney,11/08/1990,***-**-0506,CO
Carol,Robertson,02/01/1959,***-**-6248,IL
Susan,Zhang,03/18/1983,***-**-5874,CT
Christopher,Cameron,08/30/1969,***-**-1053,NY
Paul,Ramsey,05/14/1990,***-**-6565,MD
David,Torres,03/26/1971,***-**-5176,MS
Barbara,Roberts,10/22/1993,***-**-9440,KS
Nicholas,Dunn,05/22/1985,***-**-1196,MD
John,Long,10/09/1966,***-**-8394,NE
Shelby,Porter,01/09/1992,***-**-7391,ME
Judith,Robinson,08/29/1973,***-**-3792,FL
Justin,Holt,09/19/1969,***-**-2854,WY
Laura,Valdez,09/14/1988,***-**-2068,IL
Jesse,Rosales,12/29/1989,***-**-0642,WV
Amy,Duran,04/02/1992,***-**-5581,MN
Joshua,Williams,11/06/1976,***-**-1375,IN
Robert,Davis,03/28/1986,***-**-0776,NE
Lisa,Houston,06/27/1966,***-**-5946,OH
Timothy,Williams,11/27/1978,***-**-5842,IL
Kim,Finley,03/09/1973,***-**-6351,SC
Andrew,Lopez,06/11/1962,***-**-7248,TN
Veronica,Herrera,10/22/1958,***-**-4723,IA
Bob,Murphy,01/14/1982,***-**-8100,SD
Timothy,Duncan,09/25/1977,***-**-7493,IN
David,Sandoval,11/26/1985,***-**-6963,WV
Tony,Graves,10/19/1980,***-**-5360,ID
Andrea,Fuller,07/17/1981,***-**-0698,WA
William,Carney,06/16/1974,***-**-3440,WY
Daniel,Dominguez,11/15/1992,***-**-9595,KY
David,Franco,10/30/1983,***-**-2451,NY
Justin,Ortiz,01/29/1961,***-**-6761,AK
Sara,Jarvis,07/23/1964,***-**-3953,WV
Adam,Green,05/09/1988,***-**-5674,TN
Debra,Flores,04/02/1969,***-**-7111,KS
Jennifer,Adams,12/04/1988,***-**-1210,RI
Lori,Sosa,06/14/1988,***-**-7062,MI
Cory,Mora,03/27/1985,***-**-0325,NV
Denise,Hughes,09/20/1966,***-**-7879,UT
Anthony,Jenkins,09/05/1957,***-**-0437,MA
Leonard,Soto,10/17/1986,***-**-1991,NE
Donald,Todd,07/16/1960,***-**-6930,MI
Christopher,Long,08/24/1979,***-**-2737,VT
Donald,Pierce,02/27/1976,***-**-1562,NJ
Matthew,Sullivan,02/25/1986,***-**-6697,MS
Brianna,Stevens,06/11/1965,***-**-4666,MT
Jacqueline,Villegas,02/13/1981,***-**-8948,SC
Mary,Diaz,02/18/1964,***-**-8701,GA
Steven,Taylor,12/01/1985,***-**-1803,NH
Edward,Jimenez,08/19/1980,***-**-1355,KY
John,Joseph,01/07/1992,***-**-0413,PA
Jared,Fletcher,07/16/1977,***-**-9304,VT
Kathleen,Hill,02/04/1970,***-**-3356,NH
Johnny,Warner,08/16/1965,***-**-4164,NH
Frank,Smith,02/08/1971,***-**-1100,IL
Stephanie,Thompson,03/26/1957,***-**-6249,RI
Angela,Cannon,09/13/1992,***-**-3459,KS
Trevor,Robinson,04/26/1967,***-**-3462,WV
Gregory,Powers,05/19/1969,***-**-8879,KS
Michael,Sparks,11/03/1982,***-**-6809,NC
George,Flores,01/31/1989,***-**-0195,IA
Michael,Hall,01/22/1986,***-**-0161,AZ
Susan,Williamson,05/27/1973,***-**-0355,IN
Luis,Norton,05/11/1988,***-**-6955,WI
Victoria,Pearson,03/07/1990,***-**-5518,ND
Roger,Nichols,01/13/1976,***-**-4515,OR
Jenny,Mills,11/10/1983,***-**-1434,WI
Joshua,Moore,09/30/1965,***-**-8369,PA
James,Carr,02/25/1979,***-**-8546,AL
David,Lane,04/21/1974,***-**-4614,MN
Beth,Reese,04/30/1961,***-**-1223,PA
Lindsay,Thompson,09/24/1986,***-**-1306,KS
Amber,Taylor,04/27/1982,***-**-6610,NY
Oscar,Yates,04/03/1977,***-**-0620,IL
Anthony,Cooper,06/04/1994,***-**-2490,CA
Tracie,Harrison,07/01/1983,***-**-7833,DE
Corey,Herrera,11/08/1970,***-**-3228,OR
Anthony,Kim,11/04/1981,***-**-7043,WY
Kendra,Marshall,09/11/1967,***-**-2658,IN
Debbie,Chang,02/17/1993,***-**-8022,PA
Miranda,Simmons,03/27/1964,***-**-2359,IL
Catherine,Murphy,08/11/1968,***-**-6401,RI
Nicholas,Shelton,06/07/1984,***-**-0704,GA
Laura,Winters,07/05/1969,***-**-4775,GA
Jill,Barr,04/07/1983,***-**-7889,MN
Lauren,Ritter,12/26/1970,***-**-7600,KS
Anthony,Short,06/07/1986,***-**-6004,WY
Patrick,Yates,05/07/1967,***-**-4036,NC
Brett,Mitchell,01/20/1976,***-**-8337,WI
Andrea,Boone,02/05/1983,***-**-1089,CO
Charles,Alvarez,02/01/1993,***-**-5142,MT
Jeff,Garner,12/21/1978,***-**-2191,MA
Natalie,Williams,06/14/1971,***-**-2753,MA
Tracy,King,11/17/1969,***-**-0822,NC
Michael,Huang,02/14/1990,***-**-6162,SC
Ray,Miller,03/09/1968,***-**-5774,CA
Tracey,Powers,04/28/1976,***-**-5107,WY
Alexander,Moore,07/05/1992,***-**-4136,HI
Lisa,Fisher,01/05/1977,***-**-4670,NM
Tamara,Gentry,04/03/1987,***-**-7430,SC
Christopher,Fitzgerald,04/19/1992,***-**-7096,MA
Jose,Olson,01/20/1991,***-**-7256,PA
Carrie,Wallace,02/07/1966,***-**-8007,GA
Crystal,Smith,04/30/1991,***-**-6884,NY
Caroline,Edwards,10/20/1959,***-**-7816,NV
Carol,Baker,08/01/1959,***-**-8196,OR
Alexandra,Ward,12/27/1973,***-**-3414,AR
Krystal,Townsend,05/15/1990,***-**-6839,AZ
Melanie,Elliott,06/21/1976,***-**-2869,MN
Tracey,Barajas,01/09/1973,***-**-9722,AR
Eric,Barker,12/09/1976,***-**-2136,GA
Olivia,Elliott,09/15/1991,***-**-7631,NM
Daniel,Reed,12/24/1969,***-**-3333,NJ
Roberto,Pierce,07/03/1964,***-**-9982,MO
Lawrence,Stewart,06/15/1987,***-**-1303,MO
Michael,Snow,02/17/1965,***-**-2820,KS
Ashley,Cruz,09/09/1973,***-**-3168,MA
Jesus,Hobbs,12/10/1975,***-**-2648,MS
Jody,Riley,01/08/1978,***-**-6681,CT
Joseph,Scott,11/23/1993,***-**-4445,MD
Eric,Sullivan,01/05/1993,***-**-8141,SC
Christopher,Cervantes,11/09/1975,***-**-7919,VT
Jennifer,Leon,02/03/1959,***-**-2413,AR
Victor,Fuentes,12/07/1957,***-**-5844,WA
Christine,Marshall,12/05/1972,***-**-6538,AL
Amanda,Garcia,12/03/1961,***-**-1013,NJ
Nancy,Holloway,03/13/1983,***-**-4965,AK
Kimberly,Banks,07/03/1990,***-**-7861,AZ
Laura,King,06/04/1971,***-**-5040,AZ
Robert,Mendoza,04/23/1982,***-**-0627,IA
Jessica,Black,12/11/1981,***-**-6296,KY
Cynthia,Duffy,07/08/1990,***-**-0500,NC
Aaron,Henry,10/15/1978,***-**-3379,MI
Autumn,Peterson,01/02/1965,***-**-9763,OK
Danielle,Murphy,08/15/1963,***-**-0413,TX
Deborah,Hoffman,10/20/1986,***-**-9690,MT
Kathy,Palmer,07/19/1972,***-**-3934,AR
Tim,Smith,04/22/1967,***-**-8047,NC
Renee,Campbell,11/09/1970,***-**-2594,MO
Bryan,Mcdaniel,04/19/1959,***-**-4659,FL
Rhonda,Flores,12/13/1974,***-**-3754,WV
Jonathan,Wright,06/17/1963,***-**-8490,MO
Sydney,King,01/12/1977,***-**-5923,FL
Janet,Gonzales,12/08/1972,***-**-0243,UT
Steve,Russell,08/19/1978,***-**-9820,WA
Craig,Pennington,12/25/1957,***-**-8248,ND
Andrew,Thomas,04/11/1963,***-**-7838,MA
Miguel,Woods,06/10/1992,***-**-1852,ME
Samuel,Anderson,03/02/1969,***-**-9480,SC
Cynthia,Clarke,05/29/1962,***-**-8148,MA
Adam,Mcgrath,06/20/1960,***-**-3185,AK
Courtney,Oconnell,04/03/1984,***-**-3672,SD
Brandon,Hudson,08/07/1966,***-**-4780,IL
Rachel,Lewis,02/06/1985,***-**-5213,GA
Manuel,Rodriguez,03/07/1981,***-**-0042,WA
Gregory,Wilkinson,08/23/1984,***-**-6395,NC
Donna,Lopez,08/03/1962,***-**-6360,NH
David,Scott,03/10/1992,***-**-0749,MS
Gregory,Maxwell,11/21/1977,***-**-7057,NV
Daniel,Wilkins,09/24/1975,***-**-4870,MS
Jonathan,Henry,06/08/1989,***-**-2026,MT
Heather,Shepherd,09/17/1984,***-**-2527,WA
Cindy,Munoz,10/30/1986,***-**-0435,NH
Dalton,Bowman,12/24/1977,***-**-8792,ME
Jon,Clark,06/18/1967,***-**-8771,TN
Amber,Meyer,09/04/1983,***-**-5604,LA
Steven,Madden,06/18/1972,***-**-9767,IN
Victoria,Lewis,01/04/1971,***-**-6283,WA
Karl,Dudley,12/14/1974,***-**-6649,TX
Alicia,Stone,12/24/1966,***-**-8324,CO
Max,Mckay,08/17/1960,***-**-4918,SC
Richard,Brown,06/30/1979,***-**-0117,MT
Heather,Case,12/22/1971,***-**-1698,AR
Amy,Gonzalez,10/12/1965,***-**-2150,UT
Brandon,Armstrong,12/12/1973,***-**-5658,AZ
Terrance,Ewing,01/15/1981,***-**-5340,VA
Jessica,Boyd,04/27/1960,***-**-9784,VA
Corey,Taylor,03/09/1966,***-**-4578,MS
Frank,Blankenship,11/17/1958,***-**-3591,MS
Monica,Montgomery,10/14/1975,***-**-3158,MS
Tammy,Patrick,09/07/1961,***-**-7381,NM
Corey,Sawyer,08/13/1982,***-**-9114,DE
Linda,Anthony,01/23/1994,***-**-7298,SD
Travis,Patrick,10/12/1967,***-**-7968,TN
Linda,Davis,08/08/1975,***-**-0620,CT
Anthony,Adams,02/09/1962,***-**-1396,VT
Christopher,Johnson,11/03/1959,***-**-5547,CT
Tracy,Austin,08/06/1980,***-**-1904,RI
Matthew,Woodward,03/26/1978,***-**-6667,ID
Donna,Cole,01/19/1973,***-**-3401,NY
Alexis,Allen,08/11/1963,***-**-6449,TN
Stephen,Parker,03/18/1967,***-**-9288,CO
Nicole,Johnson,05/01/1963,***-**-0265,PA
Daniel,Green,06/16/1976,***-**-7915,AK
Dylan,Adams,04/16/1966,***-**-4597,CO
Jason,Davis,06/06/1970,***-**-5627,LA
Jennifer,Conrad,10/08/1973,***-**-2874,WY
Stephen,Dawson,06/30/1985,***-**-5741,AZ
Douglas,Smith,04/07/1981,***-**-9028,MA
Diane,Gray,10/26/1968,***-**-1654,HI
Benjamin,Gordon,07/26/1974,***-**-3940,CO
Stephanie,Miller,09/08/1983,***-**-8885,LA
Lynn,Stout,09/17/1973,***-**-6531,ME
Malik,Scott,02/02/1958,***-**-4261,ID
David,Brown,07/28/1973,***-**-5706,OK
Nathan,Jenkins,01/11/1968,***-**-6468,WI
Maria,Bryant,07/17/1970,***-**-3505,MA
Michael,Griffin,09/15/1963,***-**-4120,WA
Nathan,Smith,04/17/1979,***-**-9334,CA
James,Jackson,06/01/1958,***-**-4595,CA
Erika,Jones,02/02/1977,***-**-1552,AL
Stephanie,Leon,04/06/1967,***-**-0580,DE
Anthony,Walker,12/25/1969,***-**-5284,RI
Richard,Brooks,10/17/1962,***-**-5295,KY
Matthew,Bishop,06/10/1973,***-**-9588,NJ
Anthony,Thompson,10/04/1990,***-**-1051,MA
Justin,Garcia,09/21/1961,***-**-6120,NC
Miguel,Garcia,12/21/1964,***-**-5477,OH
Jeffrey,Randolph,09/24/1976,***-**-2699,IN
Raymond,Tran,04/09/1957,***-**-8575,FL
Brandon,Webb,09/10/1966,***-**-8353,UT
Brandon,Petersen,07/06/1982,***-**-1657,TN
Bryce,Ball,07/03/1994,***-**-1674,AZ
Blake,Watkins,02/25/1973,***-**-0572,NC
Gregory,Morales,08/21/1960,***-**-5605,CO
Alyssa,Wall,08/24/1964,***-**-2643,WA
Cynthia,Garcia,11/11/1960,***-**-2024,ID
Amber,Williams,12/03/1969,***-**-7515,NM
Steve,Stark,07/02/1957,***-**-7390,MI
Charles,Baird,02/29/1968,***-**-2710,FL
Mackenzie,Hall,02/28/1990,***-**-6862,AL
Aaron,King,05/29/1964,***-**-8792,SD
Joshua,Perez,02/08/1984,***-**-1226,GA
Alexander,Valdez,10/24/1975,***-**-7833,ND
Ashley,Santos,06/18/1983,***-**-4884,AL
Joshua,Stephens,04/11/1988,***-**-9528,VT
Steven,Long,08/18/1994,***-**-4594,TX
Jack,Jackson,07/05/1975,***-**-4734,NY
Roberto,Leonard,01/20/1992,***-**-8779,MA
Michael,Park,06/05/1981,***-**-4033,NM
Carl,Reeves,12/11/1965,***-**-8325,LA
Paul,Lee,07/22/1976,***-**-7697,IN
Kathryn,Ramirez,08/04/1960,***-**-0099,OH
Daniel,Medina,10/31/1973,***-**-8215,MS
Jesse,Gomez,01/30/1961,***-**-3664,SC
Brandon,Good,08/01/1991,***-**-5586,VA
Sandra,Suarez,06/08/1974,***-**-7890,GA
Jeffrey,Stevenson,12/07/1957,***-**-3851,CT
Richard,Mcdonald,02/21/1957,***-**-8008,ND
Joanna,Castillo,03/07/1984,***-**-1576,IN
Angelica,Reyes,06/06/1992,***-**-7139,AR
Jennifer,Wright,03/06/1976,***-**-3901,NM
James,Porter,06/30/1957,***-**-1319,CA
Krystal,Brown,01/31/1961,***-**-8909,TX
Christopher,Reyes,02/01/1981,***-**-4713,IN
Luis,Lewis,07/18/1965,***-**-3601,HI
Lynn,Owens,03/24/1985,***-**-8776,RI
Anthony,Phillips,12/12/1960,***-**-3754,NJ
Jessica,Mcdonald,12/29/1970,***-**-2911,MS
Michelle,Allen,09/13/1972,***-**-8147,TN
Victor,Webb,01/17/1959,***-**-2267,TN
Martin,Melton,04/06/1972,***-**-7978,NY
Pamela,Miles,11/15/1962,***-**-5312,NC
Christopher,Compton,09/05/1958,***-**-6855,SC
Annette,Rice,03/15/1959,***-**-1866,FL
Travis,Meza,01/10/1974,***-**-4313,NJ
Brian,Baker,07/28/1976,***-**-2839,IL
Sharon,Lee,10/23/1967,***-**-7596,DE
Brian,Sparks,02/14/1967,***-**-8194,HI
Dana,Ryan,10/10/1962,***-**-3761,VA
Maria,Stevens,05/12/1958,***-**-9113,CA
Julia,Berry,06/17/1960,***-**-3759,NH
Sarah,Williams,09/12/1964,***-**-3882,IA
Trevor,Short,07/29/1980,***-**-2488,ND
Michael,Johnson,04/11/1962,***-**-6015,ME
Louis,Cross,11/13/1959,***-**-7111,CO
Ryan,Smith,04/24/1964,***-**-2228,OK
Joan,Carter,01/06/1964,***-**-8092,KY
Karen,Franklin,06/17/1967,***-**-4888,VT
Christian,Palmer,04/30/1992,***-**-6104,AL
Kristopher,Smith,10/20/1982,***-**-3545,HI
Cheryl,Velez,07/21/1963,***-**-3300,TN
Jeffrey,Harris,12/20/1993,***-**-9625,MS
Jamie,Doyle,06/11/1984,***-**-1529,NV
Adam,Sims,12/20/1973,***-**-6337,ID
Joshua,Griffith,08/01/1984,***-**-3344,HI
Donald,Koch,10/02/1989,***-**-5788,CT
Wendy,Leonard,03/18/1957,***-**-7962,HI
Dana,Hubbard,08/06/1980,***-**-4700,FL
Brett,Carson,02/27/1970,***-**-5338,OK
Erica,Peters,11/05/1980,***-**-0341,SC
William,Carter,01/31/1989,***-**-1954,VT
Karen,Taylor,01/29/1986,***-**-6243,AZ
Virginia,Cobb,12/04/1978,***-**-9307,MI
Tamara,Watson,08/18/1968,***-**-6329,NJ
John,Middleton,07/24/1983,***-**-7354,OR
Alex,Cruz,12/23/1964,***-**-4744,CT
Theresa,Crawford,01/08/1973,***-**-9276,IL
Glenn,Chavez,11/29/1970,***-**-5246,NE
Carrie,Davis,07/16/1963,***-**-7399,WI
Michael,Haynes,09/13/1974,***-**-3346,NE
Michele,Arellano,04/12/1981,***-**-5875,IN
Gina,Stevens,04/05/1992,***-**-2359,PA
Elizabeth,Hatfield,04/07/1959,***-**-7821,NM
Michael,Reyes,07/21/1958,***-**-1842,FL
Spencer,Wilson,09/18/1959,***-**-7753,IN
Kevin,Smith,08/26/1992,***-**-8582,IN
Steven,Giles,11/19/1980,***-**-2061,VA
Mario,Butler,05/03/1979,***-**-3035,MA
Billy,Romero,01/29/1958,***-**-3100,VT
Katie,Miller,07/09/1970,***-**-7579,MA
William,Salinas,04/24/1983,***-**-6013,MO
Kendra,Alvarado,10/07/1957,***-**-0633,CA
Kimberly,Wright,03/20/1979,***-**-9022,OH
Judy,Nelson,10/17/1968,***-**-2012,NV
Alexandra,Golden,04/08/1978,***-**-3418,ND
Patricia,Park,07/28/1965,***-**-5775,CO
Kylie,Chavez,01/10/1965,***-**-3816,CT
Randy,Edwards,06/29/1980,***-**-9087,OR
Glenda,Hebert,05/18/1987,***-**-7625,NY
Erin,Garrett,04/29/1980,***-**-5815,SD
Donna,Floyd,03/30/1957,***-**-1819,SD
Brandon,Watson,02/12/1974,***-**-3375,PA
Paul,Patterson,02/22/1985,***-**-4729,PA
Hannah,Henderson,12/21/1960,***-**-5897,PA
Autumn,Smith,07/24/1974,***-**-7279,CA
Steven,Contreras,05/31/1986,***-**-6852,DE
Miguel,Russell,09/25/1986,***-**-0302,UT
Kim,Martin,08/03/1964,***-**-3452,SC
Heidi,Proctor,01/31/1993,***-**-9545,OH
Nicholas,May,06/19/1976,***-**-8728,KS
Michael,Nunez,06/22/1982,***-**-9379,WV
Gregory,Bowen,07/05/1981,***-**-1510,OH
Jennifer,Juarez,06/30/1969,***-**-9009,OK
April,Williamson,10/25/1990,***-**-8318,KS
Francisco,Smith,08/12/1972,***-**-1836,ND
Roger,Taylor,11/02/1975,***-**-6293,GA
Gabriela,Williams,01/10/1976,***-**-5792,AZ
Stephanie,Pittman,12/05/1965,***-**-0840,MD
Sarah,Porter,08/09/1962,***-**-3997,AZ
Ernest,Cooper,09/24/1971,***-**-2003,NJ
Alexandra,Fisher,03/06/1976,***-**-2206,AK
Henry,Turner,11/20/1984,***-**-7954,OK
Charles,Rogers,08/31/1984,***-**-8407,NV
Keith,Lynch,02/26/1988,***-**-4803,IA
Lindsay,Bowman,08/24/1972,***-**-8895,AL
Jennifer,Lutz,07/05/1990,***-**-2943,RI
Mark,Mills,11/20/1962,***-**-7406,AR
Dawn,Thomas,08/05/1960,***-**-0942,NC
Keith,Tyler,05/10/1975,***-**-7953,MO
Joseph,Smith,03/12/1960,***-**-3836,LA
Michael,Dudley,03/10/1966,***-**-3459,SD
Blake,Bowman,01/17/1961,***-**-8076,ND
Amy,Graves,08/22/1994,***-**-9448,SC
Robert,Hill,10/03/1968,***-**-8902,AR
Robert,Davis,08/13/1988,***-**-5405,MD
Tammy,Horton,03/06/1981,***-**-0677,RI
Allison,Watkins,03/27/1992,***-**-1605,NV
James,Mathis,11/29/1989,***-**-3276,IA
Sabrina,Shelton,02/03/1958,***-**-2668,ID
Rachel,Coleman,10/26/1983,***-**-7638,SD
William,Cantrell,08/17/1973,***-**-4706,CA
Donna,Carroll,09/16/1968,***-**-9127,MA
Tammy,Harris,01/26/1961,***-**-8283,OH
Debra,Pena,10/16/1957,***-**-9872,MN
James,Reilly,03/01/1957,***-**-7935,SD
Robert,Krause,03/11/1957,***-**-5246,NM
Chad,Crawford,11/05/1990,***-**-0638,IL
Luke,Huerta,01/05/1986,***-**-5912,MI
Corey,Long,09/06/1978,***-**-9787,MO
Joshua,Flores,10/30/1987,***-**-5727,NE
Jeffery,Collins,06/01/1993,***-**-4791,KY
Michael,Clements,01/03/1994,***-**-6223,NC
Christopher,Williams,02/23/1977,***-**-6535,HI
Laura,Mata,10/22/1966,***-**-5794,AL
Jessica,Campbell,09/16/1968,***-**-2121,FL
Kristy,Hebert,11/12/1973,***-**-9892,WA
Rachel,Silva,11/19/1974,***-**-3474,ND
Tyrone,Dean,01/31/1986,***-**-5932,VA
Angela,White,02/17/1963,***-**-2921,ME
Teresa,Bell,05/12/1975,***-**-1580,IN
Edwin,Williams,07/27/1981,***-**-6206,PA
Hannah,Hicks,06/05/1978,***-**-9383,LA
Kevin,Rivera,03/14/1994,***-**-8418,DE
Trevor,Jones,07/28/1959,***-**-5747,OR
Emily,Silva,04/24/1989,***-**-5242,MN
Emma,Thomas,02/25/1960,***-**-2668,ND
Lisa,Myers,07/22/1980,***-**-7446,WI
Jennifer,King,02/04/1975,***-**-2581,MD
Dylan,Walker,11/01/1971,***-**-4143,GA
Andrea,Snyder,07/10/1981,***-**-3882,KY
Samuel,Lane,02/09/1992,***-**-2267,OK
Jennifer,Cameron,05/16/1962,***-**-7541,OR
Rodney,Cross,06/14/1985,***-**-4949,NE
Dustin,Brown,12/18/1990,***-**-3364,OR
Krista,Mack,09/30/1969,***-**-0563,SD
Luis,Ruiz,02/01/1977,***-**-4894,NV
Cassandra,Johnson,12/01/1991,***-**-0203,AL
Ruth,Nichols,07/21/1990,***-**-7608,NE
Pamela,Dean,08/15/1987,***-**-3302,CT
Beth,Lee,12/08/1961,***-**-1371,MN
Christopher,Martin,04/26/1977,***-**-9812,WY
Amanda,Johnson,09/03/1974,***-**-7153,MA
Joseph,Barnett,10/24/1959,***-**-1644,OR
Maria,Burns,11/24/1979,***-**-9488,WV
Kevin,Riley,09/05/1962,***-**-5605,WV
Brian,Reyes,07/15/1962,***-**-0510,WV
Jeffrey,Robinson,06/21/1958,***-**-6490,MO
David,Gardner,09/05/1961,***-**-8396,FL
Tracey,Downs,02/28/1974,***-**-4596,NM
Cody,Ramirez,10/15/1982,***-**-7950,LA
Heather,Gray,05/09/1981,***-**-6848,KS
Erika,Lewis,02/15/1960,***-**-9111,CO
Ronald,Maynard,11/22/1978,***-**-9020,KY
Ashley,Saunders,06/11/1991,***-**-5309,GA
Paul,Kaufman,11/02/1978,***-**-0964,IA
Nathan,Rosario,06/15/1964,***-**-5027,NY
Melissa,Nguyen,10/06/1978,***-**-1193,MN
Mitchell,Gill,07/27/1989,***-**-7598,KY
Michael,Shaw,04/18/1977,***-**-8249,OR
Crystal,Jones,12/20/1972,***-**-8160,MD
Jasmine,Harrison,12/04/1957,***-**-0602,WV
Chase,Grant,05/04/1985,***-**-1229,KS
Shawn,Kidd,04/10/1961,***-**-4240,MN
Chris,Robinson,01/24/1970,***-**-1013,SC
Carla,Smith,05/05/1969,***-**-6182,AL
Kimberly,Burns,01/30/1985,***-**-5610,CA
Lori,Sullivan,10/05/1992,***-**-4062,NY
Jennifer,Williams,02/25/1994,***-**-7025,ME
John,Lamb,03/09/1986,***-**-1494,CO
Joanne,Lamb,06/28/1974,***-**-6922,LA
David,Brown,12/27/1978,***-**-4274,DE
Scott,Leach,04/03/1985,***-**-5144,AR
Andrew,Tyler,04/08/1970,***-**-3511,IA
